Equipment,Test File,Category,In-Sample F1,Cross F1,Adapted F1,PSI (overall),PSI Gate,Top Drift Feature,Notes
AHU (ASHRAE),MZVAV-1.csv,CAT1 — Same Equipment,0.991,0.9966,0.9923,2.2942,RED,Return Air Damper (PSI=5.99),In-sample high; cross-building drops to 0.331 (prior experiment)
AHU (ASHRAE),SZCAV.csv,CAT1 — Same Equipment,0.991,1.0,0.9923,2.2115,RED,Supply Air Fan Speed (PSI=11.05),100% sensor bias in file — model correctly predicts Class 1
AHU (cross-building),cross-building validation,CAT1 — Same Equipment,0.991,0.331,0.9923,2.63,RED,"Fan Speed (PSI=2.63), OA Temp (PSI=2.45)",Large generalisation gap; PSI flags drift; adaptation restores F1
SD-AHU (3rd building),AHU_annual.csv,CAT1 — Same Equipment,0.991,0.106,0.896,3.5075,RED,Supply Air Fan Speed (PSI=10.84),Baseline 0.223 without adaptation; PSI=3.51 correctly flags extreme drift
FCU,FCU_FaultFree.csv,CAT2 — Thermodynamically Similar,0.9471,0.021,0.853,1.1768,RED,"Supply Air Temp (PSI=2.63), Return Air Temp (PSI=2.57)",1% adaptation (206k records) → 0.740; 10% → 0.853
FCU,FCU_SensorBias_RMTemp_+2C.csv,CAT2 — Thermodynamically Similar,0.9471,0.2463,0.853,1.0592,RED,"Supply Air Temp, Return Air Temp",97.1% row accuracy; macro F1 low due to single-class test file
FCU (physics normalised),physics normalisation experiment,CAT2 — Thermodynamically Similar,0.9471,0.755,0.914,,—,—,Physics normalisation: 0.755→0.914 with same data volume
Boiler,BoilerPlant.csv,CAT2 — Thermodynamically Similar,0.9997,1.0,,0.4282,AMBER,HWL Supply Temp (PSI=1.41),Baseline cross-equipment F1=0.096 (1 shared col); specialist model: 1.000
Boiler,BoilerPlant_boiler_bias_2.csv,CAT2 — Thermodynamically Similar,0.9997,1.0,,1.2768,RED,"HWL Supply Temp, Return Temp",Specialist model correctly distinguishes sensor bias from healthy
RTU,RTU.csv,CAT3 — Architectural Mismatch,,0.128,,,CAT3,—,"67 columns, 1 shared with AHU. Architectural mismatch. Specialist model needed."
